datum_eerste_toelating,benzine_count,elektriciteit_count,diesel_count,waterstof_count,alcohol_count,lpg_count,cng_count,lng_count
1877-06,0,1,0,0,0,0,0,0
1889-06,0,0,2,0,0,0,0,0
1894-06,1,0,1,0,0,0,0,0
1895-06,1,0,0,0,0,0,0,0
1897-02,1,0,0,0,0,0,0,0
1897-12,1,0,0,0,0,0,0,0
1898-06,2,0,0,1,0,0,0,0
1899-06,6,0,0,0,0,0,0,0
1900-02,1,0,0,0,0,0,0,0
1900-06,5,0,0,0,0,0,0,0
1901-02,1,0,0,0,0,0,0,0
1901-06,4,0,1,0,0,0,0,0
1902-02,1,1,0,0,0,0,0,0
1902-06,8,0,0,0,0,0,0,0
1903-06,13,0,0,0,0,0,0,0
1904-01,2,0,0,0,0,0,0,0
1904-02,1,0,0,0,0,0,0,0
1904-06,17,1,0,0,0,0,0,0
1904-08,1,0,0,0,0,0,0,0
1904-12,1,0,0,0,0,0,0,0
1905-06,4,0,0,0,0,0,0,0
1906-02,5,0,0,0,0,0,0,0
1906-06,7,0,0,1,0,0,0,0
1907-02,3,0,0,0,0,0,0,0
1907-06,7,1,1,0,0,0,0,0
1907-07,3,0,0,0,0,0,0,0
1907-08,1,0,0,0,0,0,0,0
1908-01,1,0,0,0,0,0,0,0
1908-02,1,0,0,0,0,0,0,0
1908-06,7,1,0,0,0,0,0,0
1908-09,1,0,0,0,0,0,0,0
1909-02,4,0,0,0,0,0,0,0
1909-04,1,0,0,0,0,0,0,0
1909-06,12,0,0,0,0,0,0,0
1909-07,1,0,0,0,0,0,0,0
1909-09,1,0,0,0,0,0,0,0
1910-01,1,0,0,0,0,0,0,0
1910-02,7,0,0,0,0,0,0,0
1910-04,1,0,0,0,0,0,0,0
1910-06,14,0,0,1,0,0,0,0
1910-07,1,0,0,0,0,0,0,0
1910-09,3,0,0,0,0,0,0,0
1910-10,1,0,0,0,0,0,0,0
1910-12,1,0,0,0,0,0,0,0
1911-01,1,0,0,0,0,0,0,0
1911-02,10,0,0,0,0,0,0,0
1911-06,24,0,0,0,0,0,0,0
1911-09,1,0,0,0,0,0,0,0
1911-12,1,0,0,0,0,0,0,0
1912-01,1,0,0,0,0,0,0,0
1912-02,12,0,0,0,0,0,0,0
1912-05,1,0,0,0,0,0,0,0
1912-06,31,0,0,0,0,0,0,0
1912-09,2,0,0,0,0,0,0,0
1913-01,2,0,0,0,0,0,0,0
1913-02,11,0,0,0,0,0,0,0
1913-06,50,0,2,1,0,0,0,0
1913-07,1,0,0,0,0,0,0,0
1914-02,23,0,0,0,0,0,0,0
1914-03,1,0,0,0,0,0,0,0
1914-05,1,0,0,0,0,0,0,0
1914-06,52,0,0,0,0,0,0,0
1914-07,2,0,0,0,0,0,0,0
1914-09,3,0,0,0,0,0,0,0
1914-11,1,0,0,0,0,0,0,0
1914-12,3,0,0,0,0,0,0,0
1915-01,1,0,0,0,0,0,0,0
1915-02,13,0,0,0,0,0,0,0
1915-03,1,0,0,0,0,0,0,0
1915-05,1,0,0,0,0,0,0,0
1915-06,22,1,1,0,0,0,0,0
1915-10,1,0,0,0,0,0,0,0
1915-11,1,0,0,0,0,0,0,0
1916-01,2,0,0,0,0,0,0,0
1916-02,4,0,0,0,0,0,0,0
1916-06,16,0,3,0,1,0,0,0
1917-02,3,0,0,0,0,0,0,0
1917-06,34,0,0,0,0,0,0,0
1917-07,3,0,0,0,0,0,0,0
1918-01,1,0,0,0,0,0,0,0
1918-02,5,0,0,0,0,0,0,0
1918-06,18,2,0,0,2,0,0,0
1918-09,1,0,0,0,0,0,0,0
1918-12,1,0,0,0,0,0,0,0
1919-01,2,0,0,0,0,0,0,0
1919-02,8,0,0,0,0,0,0,0
1919-06,50,0,0,0,0,0,0,0
1919-07,1,0,0,0,0,0,0,0
1919-08,1,0,0,0,0,0,0,0
1919-09,2,0,0,0,0,0,0,0
1919-10,1,0,0,0,0,0,0,0
1920-01,1,0,0,0,0,0,0,0
1920-02,12,0,0,0,0,0,0,0
1920-06,62,0,2,0,0,0,0,0
1920-07,1,0,0,0,0,0,0,0
1920-08,1,0,0,0,0,0,0,0
1920-10,1,0,0,0,0,0,0,0
1920-12,1,0,0,0,0,0,0,0
1921-01,11,0,0,0,0,0,0,0
1921-02,15,0,0,0,0,0,0,0
1921-03,1,0,0,0,0,0,0,0
1921-04,2,0,0,0,0,0,0,0
1921-06,47,0,6,1,0,0,0,0
1921-07,2,0,0,0,0,0,0,0
1921-08,1,0,0,0,0,0,0,0
1921-09,1,0,0,0,0,0,0,0
1921-10,1,0,0,0,0,0,0,0
1922-01,1,0,0,0,0,0,0,0
1922-02,20,0,0,0,0,0,0,0
1922-03,2,0,0,0,0,0,0,0
1922-06,58,0,1,0,0,0,0,0
1922-07,2,0,0,0,0,0,0,0
1922-08,2,0,0,0,0,0,0,0
1922-09,4,0,0,0,0,0,0,0
1922-10,2,0,0,0,0,0,0,0
1922-11,2,0,0,0,0,0,0,0
1923-01,3,0,0,0,0,0,0,0
1923-02,16,0,0,0,0,0,0,0
1923-03,5,0,0,0,0,0,0,0
1923-05,4,0,0,0,0,0,0,0
1923-06,76,1,3,0,0,1,0,0
1923-07,4,0,0,0,0,0,0,0
1923-09,4,0,0,0,0,0,0,0
1923-10,2,0,0,0,0,0,0,0
1923-11,2,0,0,0,0,0,0,0
1923-12,2,0,0,0,0,0,0,0
1924-01,6,0,0,0,0,0,0,0
1924-02,18,0,0,0,0,0,0,0
1924-03,1,0,0,0,0,0,0,0
1924-04,1,0,0,0,0,0,0,0
1924-05,3,0,0,0,0,0,0,0
1924-06,122,0,2,3,1,0,0,0
1924-07,3,0,0,0,0,0,0,0
1924-09,5,0,0,0,0,0,0,0
1924-10,1,0,0,0,0,0,0,0
1924-12,1,0,0,0,0,0,0,0
1925-01,7,0,0,0,0,0,0,0
1925-02,22,0,0,0,0,0,0,0
1925-03,1,0,0,0,0,0,0,0
1925-04,2,0,0,0,0,0,0,0
1925-05,2,0,0,0,0,0,0,0
1925-06,128,0,5,2,0,0,0,0
1925-07,7,0,0,0,0,0,0,0
1925-09,4,0,0,0,0,0,0,0
1925-10,1,0,0,0,0,0,0,0
1925-12,1,0,0,0,0,0,0,0
1926-01,8,0,0,0,0,0,0,0
1926-02,32,0,0,0,0,0,0,0
1926-03,2,0,0,0,0,0,0,0
1926-05,1,0,0,0,0,0,0,0
1926-06,175,0,4,0,0,0,0,0
1926-07,6,0,0,0,0,0,0,0
1926-09,5,0,0,0,0,0,0,0
1926-10,3,0,0,0,0,0,0,0
1926-11,2,0,0,0,0,0,0,0
1926-12,2,0,0,0,0,0,0,0
1927-01,6,0,0,0,0,0,0,0
1927-02,32,0,0,0,0,0,0,0
1927-03,2,0,0,0,0,0,0,0
1927-04,4,0,0,0,0,0,0,0
1927-05,5,0,0,0,0,0,0,0
1927-06,229,0,5,0,0,0,0,0
1927-07,9,0,0,0,0,0,0,0
1927-08,3,0,0,0,0,0,0,0
1927-09,7,0,0,0,0,0,0,0
1927-10,1,0,0,0,0,0,0,0
1927-11,2,0,0,0,0,0,0,0
1927-12,3,0,0,0,0,0,0,0
1928-01,10,0,0,0,0,0,0,0
1928-02,81,0,0,0,0,0,0,0
1928-03,3,0,0,0,0,0,0,0
1928-04,6,0,0,0,0,0,0,0
1928-05,2,0,0,0,0,0,0,0
1928-06,407,0,13,3,0,2,0,0
1928-07,13,0,0,0,0,0,0,0
1928-08,1,0,0,0,0,0,0,0
1928-09,7,0,0,0,0,0,0,0
1928-10,2,0,0,0,0,0,0,0
1928-11,4,0,0,0,0,0,0,0
1928-12,7,0,0,0,0,0,0,0
1929-01,13,0,0,0,0,0,0,0
1929-02,112,0,0,1,0,1,0,0
1929-03,11,0,0,0,0,0,0,0
1929-04,7,0,0,0,0,0,0,0
1929-05,5,0,0,0,0,0,0,0
1929-06,560,0,14,0,0,0,0,0
1929-07,12,0,0,0,0,0,0,0
1929-08,4,0,0,0,0,0,0,0
1929-09,19,0,0,0,0,0,0,0
1929-10,5,0,0,0,0,0,0,0
1929-11,2,0,0,0,0,0,0,0
1929-12,6,0,0,0,0,0,0,0
1930-01,19,0,0,0,0,0,0,0
1930-02,130,0,0,0,0,0,0,0
1930-03,11,0,0,0,0,0,0,0
1930-04,11,0,0,0,0,0,0,0
1930-05,18,0,0,0,0,0,0,0
1930-06,638,0,31,1,2,0,0,0
1930-07,15,0,0,0,0,0,0,0
1930-08,4,0,0,0,0,0,0,0
1930-09,17,0,0,0,0,0,0,0
1930-10,3,0,0,0,0,0,0,0
1930-11,3,0,0,0,0,0,0,0
1930-12,8,0,0,0,0,0,0,0
1931-01,17,0,0,0,0,0,0,0
1931-02,128,0,0,0,0,0,0,0
1931-03,8,0,0,0,0,0,0,0
1931-04,11,0,0,0,0,0,0,0
1931-05,5,0,0,0,0,0,0,0
1931-06,472,0,12,0,0,2,0,0
1931-07,14,0,0,0,0,0,0,0
1931-08,5,0,0,0,0,0,0,0
1931-09,16,0,0,0,0,0,0,0
1931-10,2,0,0,0,0,0,0,0
1931-11,6,0,0,0,0,0,0,0
1931-12,7,0,0,0,0,0,0,0
1932-01,9,0,0,0,0,0,0,0
1932-02,49,0,0,0,0,0,0,0
1932-03,9,0,0,0,0,0,0,0
1932-04,5,0,0,0,0,0,0,0
1932-05,5,0,0,0,0,0,0,0
1932-06,364,0,21,0,0,0,0,0
1932-07,10,0,0,0,0,0,0,0
1932-08,1,0,0,0,0,0,0,0
1932-09,10,0,0,0,0,0,0,0
1932-10,2,0,0,0,0,0,0,0
1932-11,1,0,0,0,0,0,0,0
1932-12,10,0,0,0,0,0,0,0
1933-01,13,0,0,0,0,0,0,0
1933-02,39,0,1,0,0,0,0,0
1933-03,7,0,0,0,0,0,0,0
1933-04,6,0,0,0,0,0,0,0
1933-05,4,0,0,0,0,0,0,0
1933-06,288,0,8,0,0,1,0,0
1933-07,12,0,0,0,0,0,0,0
1933-08,3,0,0,0,0,0,0,0
1933-09,15,0,0,0,0,0,0,0
1933-10,5,0,0,0,0,0,0,0
1933-11,7,0,0,0,0,0,0,0
1933-12,7,0,0,0,0,0,0,0
1934-01,12,0,0,0,0,0,0,0
1934-02,50,0,0,0,0,0,0,0
1934-03,10,0,0,0,0,0,0,0
1934-04,10,0,0,0,0,0,0,0
1934-05,4,0,0,0,0,0,0,0
1934-06,385,0,33,0,1,0,0,0
1934-07,21,0,0,0,0,0,0,0
1934-08,7,0,0,0,0,0,0,0
1934-09,17,0,0,0,0,0,0,0
1934-10,2,0,0,0,0,0,0,0
1934-11,4,0,0,0,0,0,0,0
1934-12,7,0,0,0,0,0,0,0
1935-01,19,0,0,0,0,0,0,0
1935-02,41,0,0,0,0,0,0,0
1935-03,16,0,0,0,0,0,0,0
1935-04,8,0,0,0,0,0,0,0
1935-05,10,0,0,0,0,0,0,0
1935-06,361,0,57,0,0,1,1,0
1935-07,14,0,0,0,0,0,0,0
1935-08,7,0,0,0,0,0,0,0
1935-09,13,0,0,0,0,0,0,0
1935-10,11,0,0,0,0,0,0,0
1935-11,6,0,0,0,0,0,0,0
1935-12,8,0,0,0,0,0,0,0
1936-01,14,0,0,0,0,0,0,0
1936-02,60,0,0,0,0,1,0,0
1936-03,14,0,0,0,0,0,0,0
1936-04,8,0,0,0,0,0,0,0
1936-05,13,0,0,0,0,0,0,0
1936-06,473,0,95,0,1,2,0,0
1936-07,28,0,0,0,0,0,0,0
1936-08,9,0,0,0,0,0,0,0
1936-09,15,0,1,0,0,0,0,0
1936-10,9,0,0,0,0,0,0,0
1936-11,8,0,0,0,0,0,0,0
1936-12,8,0,0,0,0,0,0,0
1937-01,16,0,0,0,0,0,0,0
1937-02,74,0,0,0,0,1,0,0
1937-03,10,0,0,0,0,0,0,0
1937-04,10,0,0,0,0,0,0,0
1937-05,13,0,0,0,0,0,0,0
1937-06,484,0,90,0,1,3,0,0
1937-07,24,0,0,0,0,0,0,0
1937-08,6,0,0,0,0,0,0,0
1937-09,18,0,0,0,0,0,0,0
1937-10,7,0,0,0,0,0,0,0
1937-11,12,0,0,0,0,0,0,0
1937-12,9,0,0,0,0,0,0,0
1938-01,14,0,0,0,0,0,0,0
1938-02,66,0,0,0,0,1,0,0
1938-03,14,0,1,0,0,0,0,0
1938-04,6,0,0,0,0,0,0,0
1938-05,11,0,0,0,0,0,0,0
1938-06,668,0,153,0,0,2,0,0
1938-07,32,0,0,0,0,0,0,0
1938-08,7,0,0,0,0,0,0,0
1938-09,13,0,0,0,0,0,0,0
1938-10,4,0,0,0,0,0,0,0
1938-11,2,0,0,0,0,0,0,0
1938-12,8,0,0,0,0,0,0,0
1939-01,31,0,0,0,0,0,0,0
1939-02,78,0,1,0,0,2,0,0
1939-03,15,0,0,0,0,0,0,0
1939-04,13,0,0,0,0,0,0,0
1939-05,11,0,0,0,0,0,0,0
1939-06,663,0,162,0,1,2,0,0
1939-07,19,0,0,0,0,0,0,0
1939-08,8,0,0,0,0,1,0,0
1939-09,16,0,0,0,0,0,0,0
1939-10,4,0,0,0,0,0,0,0
1939-11,7,0,0,0,0,0,0,0
1939-12,6,0,0,0,0,0,0,0
1940-01,11,0,0,0,0,0,0,0
1940-02,61,0,0,0,0,3,0,0
1940-03,1,0,0,0,0,0,0,0
1940-04,5,0,0,0,0,0,0,0
1940-05,5,0,0,0,0,0,0,0
1940-06,471,0,118,0,0,9,0,0
1940-07,8,0,0,0,0,0,0,0
1940-08,3,0,0,0,0,0,0,0
1940-09,5,0,0,0,0,0,0,0
1940-10,1,0,0,0,0,0,0,0
1940-12,6,0,0,0,0,0,0,0
1941-01,9,0,1,0,0,1,0,0
1941-02,113,0,0,0,0,6,0,0
1941-03,5,0,0,0,0,0,0,0
1941-04,3,0,0,0,0,0,0,0
1941-05,4,0,0,0,0,0,0,0
1941-06,437,2,93,0,0,17,0,0
1941-07,16,0,0,0,0,1,0,0
1941-08,2,0,0,0,0,0,0,0
1941-09,17,1,0,0,0,2,0,0
1941-10,3,0,0,0,0,0,0,0
1941-11,4,0,0,0,0,0,0,0
1941-12,10,0,1,0,0,1,0,0
1942-01,33,0,0,0,0,1,0,0
1942-02,180,0,2,0,0,3,0,0
1942-03,16,0,0,0,0,0,0,0
1942-04,9,0,1,0,0,0,0,0
1942-05,8,0,0,0,0,0,0,0
1942-06,1240,0,66,0,0,46,0,1
1942-07,32,0,0,0,0,0,0,0
1942-08,12,0,0,0,0,1,0,0
1942-09,54,0,0,0,0,4,0,0
1942-10,13,0,1,0,0,0,0,0
1942-11,9,0,0,0,0,1,0,0
1942-12,19,0,0,0,0,2,0,0
1943-01,28,0,0,0,0,1,0,0
1943-02,86,0,0,0,0,1,0,0
1943-03,14,0,0,0,0,1,0,0
1943-04,8,0,0,0,0,0,0,0
1943-05,12,0,0,0,0,0,0,0
1943-06,1313,1,50,0,2,65,0,0
1943-07,30,0,1,0,0,0,0,0
1943-08,8,0,0,0,0,0,0,0
1943-09,38,0,0,0,0,7,0,0
1943-10,10,0,0,0,0,0,0,0
1943-11,6,0,0,0,0,0,0,0
1943-12,10,0,0,0,0,0,0,0
1944-01,13,0,1,0,0,0,0,0
1944-02,43,0,1,0,0,2,0,0
1944-03,12,0,1,0,0,0,0,0
1944-04,4,0,0,0,0,1,0,0
1944-05,8,0,0,0,0,0,0,0
1944-06,739,1,57,1,0,40,0,0
1944-07,23,0,0,0,0,2,0,0
1944-08,3,0,0,0,0,0,0,0
1944-09,27,0,1,0,0,1,0,0
1944-10,12,0,0,0,0,0,0,0
1944-11,15,0,0,0,0,3,0,0
1944-12,25,0,0,0,0,0,0,0
1945-01,17,0,0,0,0,1,0,0
1945-02,49,0,1,0,0,1,0,0
1945-03,6,0,1,0,0,0,0,0
1945-04,10,0,0,0,0,2,0,0
1945-05,11,0,0,0,0,0,0,0
1945-06,439,0,50,0,0,15,0,0
1945-07,10,0,0,0,0,0,0,0
1945-08,5,0,0,0,0,0,0,0
1945-09,6,0,0,0,0,2,0,0
1945-12,2,0,0,0,0,0,0,0
1946-01,6,0,0,0,0,0,0,0
1946-02,74,1,1,0,0,6,0,0
1946-03,2,0,0,0,0,0,0,0
1946-04,1,0,0,0,0,0,0,0
1946-06,508,0,78,0,1,10,0,0
1946-07,13,0,1,0,0,0,0,0
1946-08,3,0,0,0,0,0,0,0
1946-09,20,0,0,0,0,0,0,0
1946-10,5,0,0,0,0,0,0,0
1946-11,4,0,0,0,0,0,0,0
1946-12,7,0,0,0,0,0,0,0
1947-01,17,0,1,0,0,0,0,0
1947-02,124,0,2,0,0,2,0,0
1947-03,4,0,0,0,0,0,0,0
1947-04,9,0,0,0,0,1,0,0
1947-05,6,0,0,0,0,0,0,0
1947-06,812,0,220,0,1,9,0,0
1947-07,31,0,0,0,0,0,0,0
1947-08,5,0,0,0,0,0,0,0
1947-09,22,0,1,0,0,0,0,0
1947-10,7,0,0,0,0,0,0,0
1947-11,4,0,0,0,0,0,0,0
1947-12,8,0,0,0,0,1,0,0
1948-01,19,0,1,0,0,1,0,0
1948-02,152,0,0,0,0,5,0,0
1948-03,10,0,1,0,0,0,0,0
1948-04,7,0,0,0,0,0,0,0
1948-05,5,0,0,0,0,0,0,0
1948-06,1265,1,309,0,1,16,1,1
1948-07,28,0,1,0,0,1,0,0
1948-08,3,0,0,0,0,0,0,0
1948-09,23,0,1,0,0,1,0,0
1948-10,5,0,1,0,0,1,0,0
1948-11,7,0,0,0,0,0,0,0
1948-12,12,0,0,0,0,0,0,0
1949-01,28,0,0,0,0,0,0,0
1949-02,183,0,2,0,0,8,0,0
1949-03,7,0,0,0,0,0,0,0
1949-04,11,0,0,0,0,0,0,0
1949-05,14,0,0,0,0,0,0,0
1949-06,1153,2,393,1,0,20,0,0
1949-07,25,0,2,0,0,2,0,0
1949-08,11,0,0,0,0,1,0,0
1949-09,34,1,2,0,0,1,0,0
1949-10,11,0,0,0,0,0,0,0
1949-11,6,0,0,0,0,0,0,0
1949-12,11,0,0,0,0,1,0,0
1950-01,34,0,0,0,0,1,0,0
1950-02,223,1,4,0,0,16,0,0
1950-03,13,0,0,0,0,1,0,0
1950-04,17,0,0,0,0,0,0,0
1950-05,19,0,0,0,0,0,0,0
1950-06,1377,3,1090,0,1,22,0,0
1950-07,45,0,3,0,0,2,0,0
1950-08,15,0,1,0,0,0,0,0
1950-09,42,0,0,0,0,0,0,0
1950-10,13,0,0,0,0,0,0,0
1950-11,16,0,0,0,0,0,0,0
1950-12,7,0,3,0,0,0,0,0
1951-01,54,0,0,0,0,1,0,0
1951-02,280,0,2,0,0,17,0,0
1951-03,31,0,1,0,0,0,0,0
1951-04,33,0,0,0,0,0,0,0
1951-05,41,0,0,0,0,0,0,0
1951-06,1381,1,1014,1,1,23,0,0
1951-07,71,0,4,0,0,0,0,0
1951-08,28,0,0,0,0,1,0,0
1951-09,50,0,6,0,0,0,0,0
1951-10,30,0,2,0,0,0,0,0
1951-11,24,0,1,0,0,0,0,0
1951-12,29,0,1,0,0,1,0,0
1952-01,62,0,2,0,0,1,0,0
1952-02,309,0,7,0,0,18,0,0
1952-03,52,0,2,0,0,0,0,0
1952-04,48,0,0,0,0,1,0,0
1952-05,62,0,1,0,0,0,0,0
1952-06,1539,0,1374,1,4,25,0,0
1952-07,94,0,5,0,0,0,0,0
1952-08,36,0,26,0,0,0,0,0
1952-09,97,0,7,0,0,3,0,0
1952-10,37,0,178,0,0,0,0,0
1952-11,27,0,2,0,0,0,0,0
1952-12,47,0,1,0,0,0,0,0
1953-01,86,0,1,0,0,1,0,0
1953-02,367,0,3,0,0,14,0,0
1953-03,82,0,2,0,0,0,0,0
1953-04,112,0,2,0,0,0,0,0
1953-05,105,0,5,0,0,0,0,0
1953-06,1637,2,1537,0,1,30,0,0
1953-07,158,0,2,0,0,2,0,0
1953-08,79,0,2,0,0,1,0,0
1953-09,101,0,3,0,0,5,0,0
1953-10,66,0,1,0,0,1,0,0
1953-11,53,0,2,0,0,0,0,0
1953-12,43,0,2,0,0,0,0,0
1954-01,94,0,3,0,0,1,0,0
1954-02,420,0,4,0,0,28,0,0
1954-03,131,0,2,0,0,1,0,0
1954-04,182,0,1,0,0,2,0,0
1954-05,164,0,0,0,0,0,0,0
1954-06,1822,3,2337,0,2,54,1,1
1954-07,181,0,7,0,0,1,0,0
1954-08,85,0,3,0,0,0,0,0
1954-09,126,0,0,0,0,1,0,0
1954-10,90,0,2,0,0,0,0,0
1954-11,73,0,0,0,0,0,0,0
1954-12,106,0,3,0,0,1,0,0
1955-01,132,0,1,0,0,1,0,0
1955-02,569,0,8,0,0,51,0,0
1955-03,234,0,4,0,0,2,0,0
1955-04,291,0,1,0,0,0,0,0
1955-05,264,0,2,0,0,1,0,0
1955-06,2464,5,2817,0,2,121,2,0
1955-07,297,0,9,0,0,1,0,0
1955-08,185,0,3,0,0,0,0,0
1955-09,188,0,3,0,0,2,0,0
1955-10,113,0,1,0,0,0,0,0
1955-11,89,0,2,0,0,1,0,0
1955-12,98,0,1,0,0,1,0,0
1956-01,169,0,2,0,0,1,0,0
1956-02,731,0,8,0,0,60,0,0
1956-03,273,0,4,0,0,0,0,0
1956-04,276,0,3,0,0,0,0,0
1956-05,290,0,2,0,0,1,0,0
1956-06,2740,1,3229,0,3,155,2,0
1956-07,249,0,6,0,0,5,0,0
1956-08,170,0,4,0,0,2,0,0
1956-09,144,0,3,0,0,3,0,0
1956-10,110,0,5,0,0,1,0,0
1956-11,111,0,4,0,0,3,0,0
1956-12,80,0,1,0,0,2,0,0
1957-01,153,0,5,0,0,0,0,0
1957-02,625,0,9,0,0,55,0,0
1957-03,236,1,6,0,0,1,0,0
1957-04,239,0,2,0,0,2,0,0
1957-05,238,0,3,0,0,3,0,0
1957-06,2161,5,3195,0,0,143,2,0
1957-07,233,0,5,0,0,8,0,0
1957-08,139,0,4,0,0,1,0,0
1957-09,145,0,3,0,0,7,0,0
1957-10,95,0,4,0,0,2,0,0
1957-11,94,0,3,0,0,2,0,0
1957-12,85,0,5,0,0,1,0,0
1958-01,153,0,4,0,0,2,0,0
1958-02,686,0,4,0,0,54,0,0
1958-03,111,0,5,0,0,4,0,0
1958-04,127,0,5,0,0,1,0,0
1958-05,157,0,5,0,0,3,0,0
1958-06,1942,4,3985,1,2,101,0,0
1958-07,184,0,7,0,0,4,0,0
1958-08,97,0,6,0,0,0,0,0
1958-09,144,0,4,0,0,1,0,0
1958-10,96,0,5,0,0,3,0,0
1958-11,82,0,7,0,0,3,0,0
1958-12,93,0,3,0,0,0,0,0
1959-01,145,0,6,0,0,5,0,0
1959-02,806,0,11,0,0,79,0,0
1959-03,161,1,4,0,0,3,0,0
1959-04,165,0,5,0,0,5,0,0
1959-05,206,0,5,0,0,6,0,0
1959-06,2005,2,3796,1,1,93,0,0
1959-07,236,0,5,0,0,3,0,0
1959-08,106,0,7,0,0,2,0,0
1959-09,167,0,6,0,0,5,0,0
1959-10,123,0,5,0,0,4,0,0
1959-11,104,0,5,0,0,5,0,0
1959-12,95,0,3,0,0,5,0,0
1960-01,170,0,8,0,0,5,0,0
1960-02,771,0,16,0,0,67,0,0
1960-03,179,0,8,0,0,4,0,0
1960-04,201,0,6,0,0,5,0,0
1960-05,196,0,6,0,0,3,0,0
1960-06,2242,12,5815,1,3,110,4,0
1960-07,204,0,6,0,0,8,0,0
1960-08,107,1,3,0,0,4,0,0
1960-09,154,0,7,0,0,4,0,0
1960-10,91,0,7,0,0,5,0,0
1960-11,65,0,5,0,0,3,0,0
1960-12,92,0,8,0,0,2,0,0
1961-01,173,0,3,0,0,7,0,0
1961-02,594,0,15,0,0,40,0,0
1961-03,279,1,12,0,0,6,0,0
1961-04,214,0,7,0,0,4,0,0
1961-05,239,0,11,0,0,5,0,0
1961-06,1871,4,3504,0,2,66,0,1
1961-07,258,0,3,0,0,4,0,0
1961-08,150,0,9,0,0,3,0,0
1961-09,171,0,9,0,0,4,0,0
1961-10,145,0,6,0,0,6,0,0
1961-11,117,0,8,0,0,5,0,0
1961-12,95,0,7,0,0,5,0,0
1962-01,206,0,11,0,0,14,0,0
1962-02,734,0,18,0,0,96,0,0
1962-03,226,0,13,0,0,9,0,0
1962-04,242,0,12,0,0,7,0,0
1962-05,236,0,10,0,0,11,0,0
1962-06,2039,4,4783,1,2,86,0,0
1962-07,234,0,10,0,0,12,0,0
1962-08,164,0,9,0,0,4,0,0
1962-09,192,0,12,0,0,11,0,0
1962-10,131,0,5,0,0,4,0,0
1962-11,147,0,4,0,0,11,0,0
1962-12,89,0,9,0,0,7,0,0
1963-01,186,0,7,0,0,10,0,0
1963-02,677,0,14,0,0,87,0,0
1963-03,253,0,16,0,0,12,0,0
1963-04,299,0,6,0,0,20,0,0
1963-05,284,1,14,0,0,12,0,0
1963-06,2088,4,4673,0,2,110,0,0
1963-07,302,1,12,0,0,15,0,0
1963-08,166,0,6,0,0,11,0,0
1963-09,175,0,10,0,0,17,0,0
1963-10,190,0,17,0,0,17,0,0
1963-11,128,0,6,0,0,12,0,0
1963-12,118,1,9,0,0,5,0,0
1964-01,213,0,18,0,0,19,0,0
1964-02,995,1,24,0,0,159,0,0
1964-03,303,0,13,0,0,18,0,0
1964-04,341,0,12,0,0,23,0,0
1964-05,324,0,17,0,0,21,0,0
1964-06,2946,5,4443,0,1,185,1,0
1964-07,364,0,19,0,0,29,0,0
1964-08,185,0,6,0,0,15,0,0
1964-09,243,1,9,0,0,15,0,0
1964-10,195,0,11,0,0,19,0,0
1964-11,184,0,12,0,0,11,0,0
1964-12,152,0,14,0,0,27,0,0
1965-01,278,0,12,0,0,27,0,0
1965-02,1742,1,20,0,0,308,0,0
1965-03,403,0,20,0,1,35,0,0
1965-04,383,0,19,0,0,25,0,0
1965-05,377,1,10,0,0,32,0,0
1965-06,3593,4,5551,0,2,276,1,0
1965-07,423,0,21,0,0,41,0,0
1965-08,242,1,17,0,0,22,0,0
1965-09,331,0,30,0,0,29,0,0
1965-10,272,0,18,0,0,34,0,0
1965-11,276,1,11,0,0,37,0,0
1965-12,428,1,18,0,0,57,0,0
1966-01,280,1,22,0,0,32,0,0
1966-02,1867,1,23,0,0,380,0,0
1966-03,392,0,18,0,0,54,0,0
1966-04,369,0,27,0,0,44,0,0
1966-05,418,0,26,0,0,56,0,0
1966-06,3643,5,3652,0,0,372,1,0
1966-07,460,0,14,0,0,57,0,0
1966-08,292,0,24,0,0,33,0,0
1966-09,393,0,26,0,0,52,0,0
1966-10,256,1,22,0,0,27,0,0
1966-11,280,0,23,0,0,43,0,0
1966-12,243,0,27,0,0,52,0,0
1967-01,389,0,19,0,0,65,0,0
1967-02,1948,0,28,0,0,408,0,0
1967-03,565,1,31,0,0,77,0,0
1967-04,495,0,18,0,0,71,0,0
1967-05,502,0,22,0,0,73,0,0
1967-06,4022,7,4187,0,2,427,1,1
1967-07,479,1,20,0,0,54,0,0
1967-08,323,1,21,0,0,36,0,0
1967-09,389,1,23,0,0,65,0,0
1967-10,349,1,21,0,0,65,0,0
1967-11,324,0,18,0,0,50,0,0
1967-12,21557,1,28,0,0,54,0,0
1968-01,430,0,30,0,0,50,0,0
1968-02,1875,0,27,0,0,373,0,0
1968-03,643,0,31,0,0,94,0,0
1968-04,648,0,15,0,0,84,0,0
1968-05,635,1,18,0,0,68,0,0
1968-06,3886,9,4586,0,0,391,0,0
1968-07,629,2,19,0,0,76,0,0
1968-08,421,0,22,0,0,38,0,0
1968-09,448,0,26,0,0,59,0,0
1968-10,487,1,26,0,0,63,0,0
1968-11,413,0,28,0,0,59,0,0
1968-12,380,0,31,0,0,63,0,0
1969-01,557,0,35,0,0,76,0,0
1969-02,2032,0,22,0,0,419,0,0
1969-03,691,0,35,0,0,72,0,0
1969-04,807,0,25,0,0,89,0,0
1969-05,750,0,29,0,0,101,0,0
1969-06,4480,6,3808,1,2,404,1,0
1969-07,735,0,24,0,0,85,0,0
1969-08,504,0,26,0,0,63,0,0
1969-09,515,0,25,0,0,61,0,0
1969-10,561,0,24,0,0,74,0,0
1969-11,418,1,19,0,0,65,0,0
1969-12,325,1,26,0,0,50,0,0
1970-01,579,0,22,0,0,79,0,0
1970-02,2020,1,25,0,0,449,0,0
1970-03,734,0,32,0,0,114,0,0
1970-04,857,0,35,0,0,120,0,0
1970-05,819,1,30,0,0,100,0,0
1970-06,4740,19,6111,0,2,483,1,2
1970-07,856,1,41,0,0,115,0,0
1970-08,607,1,34,0,0,71,0,0
1970-09,696,1,38,0,0,97,0,0
1970-10,669,0,28,0,0,96,0,0
1970-11,696,0,30,0,0,116,0,0
1970-12,638,0,29,0,0,103,0,0
1971-01,748,0,47,0,0,110,0,0
1971-02,2138,2,44,0,0,457,0,0
1971-03,931,0,52,0,0,135,0,0
1971-04,1092,2,36,0,0,143,0,0
1971-05,1010,1,45,0,0,161,0,0
1971-06,4998,11,3226,0,1,473,1,0
1971-07,942,1,46,0,0,143,0,0
1971-08,743,0,38,0,0,103,0,0
1971-09,821,1,58,0,0,134,0,0
1971-10,727,0,40,0,0,143,0,0
1971-11,662,1,42,0,0,122,0,0
1971-12,529,0,37,0,0,96,0,0
1972-01,967,1,63,0,0,156,0,0
1972-02,2510,0,66,0,0,580,0,0
1972-03,1385,0,57,0,0,191,0,0
1972-04,1094,0,45,0,0,151,0,0
1972-05,1197,0,53,0,0,148,0,0
1972-06,6070,16,5620,0,0,641,2,0
1972-07,1197,1,70,0,0,167,0,0
1972-08,958,1,60,0,0,130,0,0
1972-09,896,0,68,0,0,129,0,0
1972-10,1031,0,53,0,0,156,0,0
1972-11,1103,1,50,0,0,154,0,0
1972-12,806,0,40,0,0,124,0,0
1973-01,1291,1,50,0,0,179,0,0
1973-02,2613,1,71,0,0,651,0,0
1973-03,1542,0,95,0,0,192,0,0
1973-04,1412,1,55,0,0,179,0,0
1973-05,1463,0,78,0,0,191,0,0
1973-06,5823,17,4713,0,2,579,3,0
1973-07,1319,2,60,0,0,201,0,0
1973-08,1048,0,53,0,0,151,0,0
1973-09,951,0,55,0,0,146,0,0
1973-10,1107,0,64,0,0,153,0,0
1973-11,789,2,60,0,0,131,0,0
1973-12,23150,33,86,0,0,88,1,0
1974-01,901,0,68,0,0,132,0,0
1974-02,2092,1,60,0,0,377,0,0
1974-03,1183,0,74,0,0,133,0,0
1974-04,1355,0,73,0,0,139,0,0
1974-05,1298,0,73,0,0,147,0,0
1974-06,5470,8,5604,0,0,433,0,0
1974-07,1093,2,76,0,0,114,0,0
1974-08,874,0,61,0,0,91,0,0
1974-09,760,0,68,0,0,93,0,0
1974-10,702,0,69,0,0,84,0,0
1974-11,677,0,68,0,0,87,0,0
1974-12,474,0,70,0,0,57,0,0
1975-01,1061,0,105,0,0,99,0,0
1975-02,1759,1,109,0,0,297,0,0
1975-03,1068,0,82,0,0,115,0,0
1975-04,1275,0,75,0,0,109,0,0
1975-05,1214,0,74,0,0,103,0,0
1975-06,4675,11,7070,0,0,324,4,2
1975-07,1097,0,82,0,0,120,0,0
1975-08,817,1,56,0,0,77,0,0
1975-09,942,0,75,0,0,96,0,0
1975-10,755,0,66,0,0,83,0,0
1975-11,610,0,63,0,0,88,0,0
1975-12,425,2,73,0,0,67,0,0
1976-01,1015,1,103,0,0,99,0,0
1976-02,2043,4,79,0,0,418,0,0
1976-03,1175,0,94,0,0,89,0,0
1976-04,1340,0,83,0,0,103,0,0
1976-05,1218,0,94,0,0,112,0,0
1976-06,4743,15,6210,0,1,594,1,1
1976-07,1213,0,81,0,1,143,0,0
1976-08,929,0,59,0,0,82,0,0
1976-09,1021,2,120,0,0,129,0,0
1976-10,722,1,95,0,0,78,0,0
1976-11,609,1,105,0,0,98,0,0
1976-12,455,0,67,0,0,65,0,0
1977-01,1092,1,128,0,0,113,0,0
1977-02,2315,2,131,0,0,431,1,0
1977-03,1588,0,131,0,0,109,0,0
1977-04,1651,0,124,0,0,117,0,0
1977-05,1600,0,123,0,0,126,0,0
1977-06,5571,14,5301,0,0,591,0,0
1977-07,1448,1,102,0,0,131,0,0
1977-08,1337,0,98,0,0,138,0,0
1977-09,1239,0,108,0,0,136,0,0
1977-10,980,0,120,0,0,83,0,0
1977-11,788,0,133,0,0,99,0,0
1977-12,39197,0,94,0,0,66,0,0
1978-01,1469,1,157,0,0,134,0,0
1978-02,2371,1,137,0,0,348,0,0
1978-03,1977,0,129,0,0,144,0,0
1978-04,1839,1,145,0,0,140,0,0
1978-05,1916,1,137,0,0,145,0,0
1978-06,6041,17,6934,0,0,438,0,0
1978-07,1591,0,136,0,0,162,0,0
1978-08,1392,1,121,0,0,129,0,0
1978-09,1243,0,117,0,0,139,0,0
1978-10,1035,0,146,0,0,114,0,0
1978-11,800,0,118,0,0,112,0,0
1978-12,505,0,103,0,0,82,0,0
1979-01,1174,1,160,0,0,159,0,0
1979-02,2424,0,172,0,0,294,0,0
1979-03,2124,0,179,0,0,154,0,0
1979-04,2059,0,151,0,0,166,0,0
1979-05,1964,0,180,0,0,156,0,0
1979-06,5834,7,5086,1,0,374,0,0
1979-07,1569,0,189,0,0,167,0,0
1979-08,1282,0,151,0,0,119,0,0
1979-09,1015,0,137,0,0,94,0,0
1979-10,996,0,165,0,0,87,0,0
1979-11,807,0,133,0,0,75,0,0
1979-12,522,0,133,0,0,72,0,0
1980-01,1411,0,210,0,0,176,0,0
1980-02,1949,0,195,0,0,196,0,0
1980-03,1584,0,154,0,0,107,0,0
1980-04,1604,1,165,0,0,114,0,0
1980-05,1500,1,160,0,0,112,0,0
1980-06,5210,27,7677,1,2,310,2,0
1980-07,1271,0,161,0,0,130,0,0
1980-08,1139,0,121,0,0,81,0,0
1980-09,965,0,119,0,0,94,0,0
1980-10,857,0,149,0,0,95,0,0
1980-11,611,0,100,0,0,77,0,0
1980-12,422,0,91,0,0,50,0,0
1981-01,1135,0,183,0,0,108,0,0
1981-02,1908,0,210,0,0,151,0,0
1981-03,1448,0,188,0,0,98,1,0
1981-04,1715,0,163,0,0,107,0,0
1981-05,1525,0,149,0,0,95,0,0
1981-06,5222,13,3850,3,0,192,0,1
1981-07,1403,1,181,0,0,90,0,0
1981-08,975,0,122,0,0,55,0,0
1981-09,972,0,131,0,0,57,0,0
1981-10,852,1,161,0,0,76,0,0
1981-11,576,0,176,0,0,62,0,0
1981-12,365,0,116,0,0,35,0,0
1982-01,1106,0,213,0,0,74,0,0
1982-02,2144,2,247,0,0,139,0,0
1982-03,2061,0,242,0,0,68,0,0
1982-04,2116,0,189,0,0,82,0,0
1982-05,1683,0,194,0,0,86,0,0
1982-06,6092,17,5130,1,0,171,0,0
1982-07,2024,0,191,0,0,95,0,0
1982-08,949,0,143,0,0,61,0,0
1982-09,1055,0,207,0,0,63,0,0
1982-10,1021,0,166,0,0,64,0,0
1982-11,844,0,153,0,0,68,0,0
1982-12,514,1,125,0,0,45,0,0
1983-01,1486,1,260,0,0,74,0,0
1983-02,2268,2,204,0,0,129,0,0
1983-03,2118,0,251,0,0,104,0,0
1983-04,1883,1,222,0,0,67,0,0
1983-05,1698,0,230,0,0,69,0,0
1983-06,6606,7,5252,1,0,199,1,0
1983-07,1678,2,212,0,0,84,0,0
1983-08,1327,0,189,0,0,58,0,0
1983-09,1318,0,221,0,0,60,0,0
1983-10,1363,0,211,0,0,66,0,0
1983-11,1016,0,165,0,0,56,0,0
1983-12,565,0,121,0,0,43,0,0
1984-01,1843,1,275,0,0,91,0,0
1984-02,3081,1,288,0,0,138,0,0
1984-03,1832,0,264,0,0,80,1,0
1984-04,1771,2,255,0,0,62,0,0
1984-05,1794,0,266,0,0,68,0,0
1984-06,6839,14,5733,0,3,231,3,1
1984-07,1372,1,184,0,0,69,0,0
1984-08,1301,0,209,0,0,51,0,0
1984-09,1115,0,217,0,0,55,0,0
1984-10,1160,1,246,0,0,65,0,0
1984-11,871,1,250,0,0,53,0,0
1984-12,502,0,140,0,0,42,0,0
1985-01,1317,1,328,0,0,75,0,0
1985-02,4401,0,339,0,0,150,0,0
1985-03,1935,0,312,0,0,63,0,0
1985-04,1891,1,352,0,0,71,0,0
1985-05,1894,0,325,0,0,79,0,0
1985-06,8497,23,7525,0,3,226,2,1
1985-07,1804,0,375,0,0,97,0,0
1985-08,1255,0,272,0,0,53,0,0
1985-09,1187,0,272,0,0,63,0,0
1985-10,1343,0,333,0,0,64,0,0
1985-11,974,0,316,0,0,64,0,0
1985-12,584,0,202,0,0,33,0,0
1986-01,1852,0,479,0,0,83,0,0
1986-02,6150,0,427,0,0,159,0,0
1986-03,2232,1,455,0,0,85,0,0
1986-04,2455,0,506,0,0,73,0,0
1986-05,2223,0,429,0,0,97,0,0
1986-06,9873,33,6812,1,1,214,0,1
1986-07,2149,0,434,0,0,87,1,0
1986-08,1598,0,296,0,0,65,0,0
1986-09,1819,0,442,0,0,76,0,0
1986-10,1686,0,411,0,0,82,0,0
1986-11,1237,0,334,0,0,71,0,0
1986-12,964,1,257,0,0,62,1,0
1987-01,1698,0,321,0,0,61,0,0
1987-02,4569,0,232,0,0,100,0,0
1987-03,1985,0,271,0,0,35,0,0
1987-04,2447,0,330,0,0,42,0,0
1987-05,1803,0,252,0,0,41,0,0
1987-06,7460,22,5277,0,0,165,1,1
1987-07,1908,0,259,0,0,53,0,0
1987-08,1162,0,170,0,0,23,1,0
1987-09,1354,0,214,0,0,31,0,0
1987-10,1392,1,200,0,0,39,0,0
1987-11,866,0,208,0,0,30,0,0
1987-12,21840,3,213,0,0,27,0,0
1988-01,1616,0,319,0,0,65,0,0
1988-02,3446,0,198,0,0,135,0,0
1988-03,1968,1,392,0,0,49,0,0
1988-04,1977,2,269,0,0,42,0,0
1988-05,1775,1,264,0,0,33,0,0
1988-06,5779,42,5252,1,0,205,1,1
1988-07,1439,0,249,0,0,44,0,0
1988-08,1093,0,130,0,0,29,0,0
1988-09,1025,0,192,0,0,47,0,0
1988-10,843,1,173,0,0,39,0,0
1988-11,764,0,161,0,0,23,0,0
1988-12,433,0,100,0,0,21,0,0
1989-01,1715,1,316,0,0,62,0,0
1989-02,2862,0,235,0,0,149,0,0
1989-03,2069,1,406,0,0,43,0,0
1989-04,1982,0,325,0,0,46,0,0
1989-05,1789,1,301,0,0,41,0,0
1989-06,5170,58,5635,1,0,218,1,0
1989-07,1660,0,286,0,0,44,0,0
1989-08,1275,0,203,0,0,28,0,0
1989-09,1114,0,179,0,0,42,0,0
1989-10,1258,0,227,0,0,42,0,0
1989-11,846,0,150,0,0,19,0,0
1989-12,440,0,114,0,0,9,0,0
1990-01,2000,0,334,0,0,76,0,0
1990-02,3075,0,278,0,0,181,0,0
1990-03,2769,0,435,0,0,41,0,0
1990-04,2660,2,415,0,0,52,0,0
1990-05,2571,2,421,0,0,43,0,0
1990-06,5380,71,7374,0,0,295,0,1
1990-07,2048,0,333,0,0,41,0,0
1990-08,1827,0,240,0,0,36,0,0
1990-09,1288,0,226,0,0,40,0,0
1990-10,1358,0,270,0,0,34,0,0
1990-11,1042,1,229,0,0,29,0,0
1990-12,505,0,138,0,0,17,0,0
1991-01,2662,2,431,0,0,71,0,0
1991-02,3005,2,341,0,0,112,0,0
1991-03,3991,1,673,0,0,62,0,0
1991-04,3300,1,460,0,0,33,0,0
1991-05,3193,0,596,0,0,44,0,0
1991-06,4881,75,4907,0,0,214,1,4
1991-07,2774,1,470,0,0,63,0,0
1991-08,1775,0,245,0,0,26,0,0
1991-09,1593,0,256,0,0,35,0,0
1991-10,1581,2,293,0,0,45,0,0
1991-11,1104,1,222,0,0,31,0,0
1991-12,509,0,173,0,0,20,0,0
1992-01,3198,0,452,0,0,92,0,0
1992-02,3971,0,401,0,0,198,0,0
1992-03,3774,2,644,0,0,33,0,0
1992-04,3740,0,810,0,0,55,0,0
1992-05,3442,0,552,0,0,53,0,0
1992-06,4650,89,6306,2,0,210,1,0
1992-07,2950,2,471,0,0,55,0,0
1992-08,1828,0,263,0,0,30,0,0
1992-09,1665,5,278,0,0,36,0,0
1992-10,1607,0,270,0,0,38,0,0
1992-11,1316,0,253,0,0,53,0,0
1992-12,1426,0,345,0,0,66,0,0
1993-01,2294,0,303,0,0,64,0,0
1993-02,3697,2,280,0,0,175,0,0
1993-03,4436,0,544,0,0,59,0,0
1993-04,4207,1,554,0,0,57,0,0
1993-05,3297,1,529,0,0,45,0,0
1993-06,4662,63,3898,0,0,191,2,2
1993-07,2884,1,365,0,0,73,0,0
1993-08,2013,2,230,0,0,37,0,0
1993-09,1792,0,240,0,1,40,0,0
1993-10,1561,2,268,0,0,43,0,0
1993-11,1137,0,229,0,0,41,0,0
1993-12,975,1,231,0,0,33,0,0
1994-01,2799,0,322,0,0,64,0,0
1994-02,3468,1,270,0,0,182,0,0
1994-03,4429,0,626,0,0,58,0,0
1994-04,3505,0,370,0,0,36,0,0
1994-05,3179,0,466,0,0,45,0,0
1994-06,4444,60,4373,1,3,189,1,0
1994-07,2991,0,382,0,0,55,0,0
1994-08,2134,0,247,0,0,33,0,0
1994-09,1867,0,277,0,0,50,0,0
1994-10,1720,0,265,0,0,31,1,0
1994-11,1376,2,239,0,0,46,1,0
1994-12,739,0,206,0,0,24,0,0
1995-01,3307,0,433,0,0,100,0,0
1995-02,3514,0,399,0,0,169,0,0
1995-03,4709,1,552,0,0,98,0,0
1995-04,3964,0,605,0,1,73,0,0
1995-05,4031,0,610,0,0,70,0,0
1995-06,5272,131,6078,2,1,287,3,3
1995-07,3270,0,429,0,0,116,0,0
1995-08,2783,0,317,0,1,68,0,0
1995-09,2144,0,370,0,0,92,0,0
1995-10,2186,0,315,0,0,63,0,0
1995-11,1677,0,252,0,0,77,1,0
1995-12,738,0,189,0,0,31,0,0
1996-01,3680,2,508,0,0,141,0,0
1996-02,3385,1,421,0,0,128,0,0
1996-03,5749,2,792,0,0,100,0,0
1996-04,5797,0,659,0,0,99,0,0
1996-05,5165,0,681,0,0,108,0,1
1996-06,6281,128,5779,1,1,293,2,1
1996-07,4016,1,519,0,0,141,1,0
1996-08,3287,1,394,0,0,64,0,0
1996-09,2922,0,465,0,0,106,0,0
1996-10,2788,0,442,0,0,104,0,0
1996-11,2242,0,372,0,0,84,0,0
1996-12,1025,1,216,0,0,35,0,0
1997-01,5088,0,723,0,0,205,0,0
1997-02,5023,2,548,0,0,192,0,0
1997-03,6865,0,837,0,0,143,0,0
1997-04,6802,0,846,0,0,151,0,0
1997-05,5890,1,737,0,0,111,0,0
1997-06,7262,184,5403,0,0,355,2,2
1997-07,5298,0,730,0,0,221,1,0
1997-08,3971,0,443,0,0,110,0,0
1997-09,3687,2,519,0,0,169,0,0
1997-10,3606,1,512,0,0,157,0,0
1997-11,2714,0,441,0,0,133,0,0
1997-12,1897,0,342,0,0,87,0,0
1998-01,6996,1,860,0,0,310,0,0
1998-02,5882,1,670,0,0,199,0,0
1998-03,7789,3,1099,0,0,191,0,0
1998-04,7951,0,1079,0,0,175,0,0
1998-05,7644,2,979,0,0,195,0,0
1998-06,9070,202,7152,0,0,386,1,3
1998-07,6837,1,1054,0,0,205,0,0
1998-08,4575,0,653,0,0,91,0,0
1998-09,5079,1,808,0,0,157,0,0
1998-10,5230,1,829,0,0,130,0,0
1998-11,4043,2,676,0,0,111,0,0
1998-12,2217,2,350,0,0,65,0,0
1999-01,10937,1,1392,0,0,259,2,0
1999-02,7757,3,945,0,0,179,1,0
1999-03,11670,2,1424,0,1,183,0,0
1999-04,11328,2,1288,0,0,192,0,0
1999-05,10182,1,1188,0,0,136,0,0
1999-06,12595,244,7480,0,1,394,4,1
1999-07,10022,1,1285,0,0,209,0,0
1999-08,7086,1,842,0,0,125,1,0
1999-09,8034,2,978,0,0,157,0,0
1999-10,6937,1,888,0,0,157,1,0
1999-11,5789,0,861,0,0,109,0,0
1999-12,2419,0,471,0,0,47,0,0
2000-01,14471,1,1765,0,0,266,1,0
2000-02,11376,6,1287,0,0,200,0,0
2000-03,15881,1,1727,0,0,243,0,0
2000-04,12755,1,1838,0,0,179,1,0
2000-05,14089,1,1685,0,0,202,0,0
2000-06,13601,367,8428,0,0,396,1,1
2000-07,10516,2,1230,0,0,247,0,0
2000-08,10357,6,1169,0,0,162,0,0
2000-09,9994,4,1114,0,0,217,0,0
2000-10,9527,2,1090,0,0,189,1,0
2000-11,8739,1,934,0,0,167,1,0
2000-12,4856,3,692,0,0,80,1,0
2001-01,16953,31,2015,0,0,366,0,0
2001-02,11828,6,1257,0,0,232,1,0
2001-03,17029,12,1838,0,0,279,0,0
2001-04,13708,7,1734,0,0,248,1,0
2001-05,15109,13,1851,0,0,233,0,0
2001-06,16023,327,8530,1,1,479,2,3
2001-07,13402,8,1569,0,0,321,3,0
2001-08,11873,4,1392,0,0,191,3,0
2001-09,11230,2,1414,0,0,191,1,0
2001-10,12026,3,1463,0,0,265,2,0
2001-11,10523,1,1315,0,0,199,0,0
2001-12,3683,1,682,0,0,80,0,0
2002-01,21070,4,2676,0,0,379,1,0
2002-02,15310,4,1677,0,0,318,0,0
2002-03,18729,4,2433,0,0,313,2,1
2002-04,16969,5,2170,0,0,274,1,0
2002-05,17612,7,2281,0,0,253,3,0
2002-06,20025,316,8236,1,1,467,2,1
2002-07,16337,4,2026,0,0,325,3,0
2002-08,14330,5,1690,0,0,217,2,0
2002-09,15238,1,1687,0,0,229,2,0
2002-10,16085,2,1971,1,0,248,2,0
2002-11,14222,2,1554,0,0,200,1,0
2002-12,10083,6,740,0,0,97,2,0
2003-01,26103,2,3570,0,0,430,0,0
2003-02,17290,11,2309,0,1,322,2,0
2003-03,22465,2,2631,0,0,319,0,0
2003-04,20569,3,2822,0,0,271,0,0
2003-05,22532,4,2713,0,0,322,1,0
2003-06,25592,302,8999,2,1,460,1,5
2003-07,21295,3,2467,0,0,425,1,0
2003-08,18195,3,1894,0,0,227,1,0
2003-09,19911,4,2268,0,0,308,1,0
2003-10,17837,4,2348,0,0,298,1,0
2003-11,14931,6,1862,0,0,214,1,0
2003-12,7363,10,828,0,0,113,3,0
2004-01,33910,48,4497,0,0,541,1,0
2004-02,21902,54,2949,0,0,382,0,0
2004-03,28988,42,3666,0,1,357,0,0
2004-04,26167,59,3584,0,1,356,2,0
2004-05,23010,42,3317,0,0,317,1,0
2004-06,30097,374,10367,0,1,608,2,2
2004-07,22988,40,3603,0,0,420,1,0
2004-08,18314,92,2601,0,1,231,3,0
2004-09,22385,107,3047,0,0,349,0,0
2004-10,20314,96,3293,0,0,357,3,0
2004-11,18136,71,3053,0,0,292,3,0
2004-12,10201,18,1464,0,0,128,4,0
2005-01,37299,255,5717,0,0,674,3,0
2005-02,21338,77,3159,0,1,408,4,0
2005-03,30087,112,4259,0,0,464,4,0
2005-04,27768,127,3969,0,0,413,2,0
2005-05,24801,143,3596,0,0,353,6,0
2005-06,31582,655,13799,0,1,711,10,1
2005-07,24957,174,2194,0,0,430,3,0
2005-08,233360,814,5450,0,0,301,2,0
2005-09,29234,163,2712,0,0,403,6,0
2005-10,23164,191,2661,0,0,335,10,0
2005-11,22059,104,2744,0,2,334,9,0
2005-12,9777,43,1218,0,4,157,9,0
2006-01,43752,338,6376,0,3,673,10,0
2006-02,29021,245,4190,0,0,454,8,0
2006-03,40257,149,5307,0,3,566,7,0
2006-04,30383,208,4888,0,0,426,13,0
2006-05,33896,255,4786,0,3,486,11,0
2006-06,39263,881,12965,0,7,711,10,2
2006-07,30015,88,4031,0,3,512,4,0
2006-08,26945,102,3848,0,4,415,4,0
2006-09,31142,95,4178,0,2,446,9,0
2006-10,27832,100,4048,0,1,392,10,0
2006-11,26067,83,3866,0,6,361,10,0
2006-12,14931,36,2158,0,0,187,5,1
2007-01,46626,256,7697,0,2,789,7,1
2007-02,31209,146,5431,0,4,427,7,0
2007-03,43385,231,6518,0,6,528,13,0
2007-04,33731,251,5749,0,9,389,14,0
2007-05,35795,270,6098,0,14,425,7,0
2007-06,44178,911,16130,1,22,831,7,5
2007-07,32796,302,5818,0,8,554,10,0
2007-08,33775,290,5595,1,6,417,10,0
2007-09,33083,224,5331,0,10,435,29,0
2007-10,31410,216,6034,0,15,465,11,1
2007-11,28007,201,5301,0,10,399,14,0
2007-12,12434,91,2077,0,16,191,3,0
2008-01,48106,316,10902,0,46,1035,18,1
2008-02,41444,574,7905,0,47,629,13,0
2008-03,41623,562,8067,1,51,614,30,0
2008-04,39097,471,7602,0,43,499,26,0
2008-05,43174,494,7082,0,34,511,13,0
2008-06,46624,1320,18886,0,34,948,32,2
2008-07,38468,526,6355,0,33,523,13,0
2008-08,36637,520,5564,0,20,450,17,0
2008-09,37303,478,6228,0,61,518,19,0
2008-10,34931,330,6679,0,51,489,19,0
2008-11,26007,235,5101,0,39,403,16,0
2008-12,12741,69,2165,0,30,142,30,0
2009-01,45450,702,9756,0,30,615,58,0
2009-02,34347,561,5902,0,45,340,25,0
2009-03,40605,587,6231,0,51,331,51,0
2009-04,37602,591,5744,0,107,306,24,0
2009-05,37624,718,5396,1,131,272,25,0
2009-06,44037,1091,13117,3,150,462,38,0
2009-07,40445,953,5217,0,498,314,35,0
2009-08,34486,1289,3849,0,106,241,48,0
2009-09,40022,1207,5058,0,114,272,126,0
2009-10,38567,971,5049,0,48,258,15,0
2009-11,30940,565,4333,0,39,232,22,0
2009-12,14650,239,1943,1,34,110,82,0
2010-01,55916,1410,8444,0,37,486,57,0
2010-02,39062,839,5842,0,45,305,30,0
2010-03,52541,1092,7361,0,41,295,37,0
2010-04,44618,1182,6624,0,52,244,28,0
2010-05,43149,1065,6298,0,33,258,35,0
2010-06,58597,1648,15638,1,41,439,34,4
2010-07,45678,1108,7172,0,29,267,32,1
2010-08,38788,1288,6775,0,24,378,31,0
2010-09,45133,1428,8697,0,48,738,34,0
2010-10,39824,1125,9739,0,59,751,21,0
2010-11,33305,813,9340,0,48,478,54,0
2010-12,15088,262,3909,0,67,163,43,0
2011-01,61196,1604,16469,0,29,911,48,0
2011-02,46344,1502,11182,0,40,309,31,0
2011-03,55916,1903,14326,0,79,471,42,1
2011-04,47989,1720,12573,0,101,455,41,0
2011-05,50971,1259,13551,0,86,475,32,0
2011-06,52830,1610,20872,0,107,676,37,1
2011-07,41564,1070,10568,1,99,542,78,0
2011-08,37182,1286,9463,0,60,544,42,0
2011-09,42706,1306,10462,0,84,892,64,0
2011-10,38632,907,11329,0,57,786,57,0
2011-11,36697,1060,10692,0,125,1088,72,0
2011-12,22347,673,4978,0,34,1030,34,0
2012-01,55908,1934,17938,0,181,1190,94,0
2012-02,41822,1151,11565,0,59,763,52,0
2012-03,57203,1817,13515,0,46,1019,132,2
2012-04,43413,1346,11002,1,37,552,52,1
2012-05,47344,1726,12885,0,37,799,81,0
2012-06,67783,2850,25630,2,30,3087,48,1
2012-07,34284,2134,9889,0,16,382,38,0
2012-08,37025,2658,8606,0,28,338,97,1
2012-09,34000,2401,8708,0,11,300,38,0
2012-10,26399,1722,9699,0,13,308,39,1
2012-11,27345,1536,9517,0,11,327,83,2
2012-12,17650,959,6465,0,26,313,264,4
2013-01,45973,2303,12729,0,7,546,83,0
2013-02,35907,1744,9088,0,8,551,85,7
2013-03,40832,2242,11782,0,15,299,87,0
2013-04,36228,1861,11072,0,5,136,69,0
2013-05,36255,1855,10258,0,3,120,76,0
2013-06,41782,2551,19099,1,7,338,95,2
2013-07,34880,2142,10513,0,5,152,72,1
2013-08,32161,2242,8787,0,3,123,32,2
2013-09,32917,2409,10217,0,4,197,62,0
2013-10,33975,3388,12033,1,5,204,65,0
2013-11,35123,5030,11987,3,3,318,78,0
2013-12,27693,8247,12834,0,5,205,59,0
2014-01,44932,2107,13008,1,2,250,121,0
2014-02,37426,2351,10340,0,5,194,72,0
2014-03,37589,2712,11905,0,4,300,168,0
2014-04,36189,3048,11285,0,3,245,231,0
2014-05,37503,3090,11872,0,3,198,233,4
2014-06,39836,3330,20852,1,13,370,219,2
2014-07,34116,2086,11334,1,5,250,277,0
2014-08,28839,1980,9339,0,1,157,183,0
2014-09,32781,2203,10998,2,1,188,232,1
2014-10,34858,2505,12594,0,1,170,274,0
2014-11,30942,2607,11554,0,4,145,202,0
2014-12,26873,3274,12237,0,4,83,660,0
2015-01,48880,4042,15040,0,4,228,119,1
2015-02,39632,2984,10694,0,3,163,50,0
2015-03,37423,2680,13859,3,3,125,69,1
2015-04,35156,2677,11935,0,4,105,37,0
2015-05,34403,2873,11497,3,3,120,55,0
2015-06,43484,4901,23689,5,2,264,81,2
2015-07,39261,3940,12442,0,6,157,60,0
2015-08,32520,3004,10870,0,2,99,59,0
2015-09,37408,3936,12263,1,3,108,54,2
2015-10,37284,5586,13037,1,0,108,92,0
2015-11,34449,6315,13869,2,2,138,54,2
2015-12,40232,17262,18680,14,4,107,75,1
2016-01,46899,2223,14192,5,3,194,39,4
2016-02,37373,2439,12521,4,1,128,31,1
2016-03,40129,2776,15734,6,5,163,56,1
2016-04,38817,2623,13396,1,5,188,46,2
2016-05,39698,2505,12497,2,0,159,30,2
2016-06,49706,3451,24974,4,3,315,59,4
2016-07,38253,2562,11315,1,2,227,44,0
2016-08,33379,2696,10188,2,2,112,120,0
2016-09,40111,3601,12373,2,1,166,99,0
2016-10,33655,3294,11726,5,3,214,102,3
2016-11,33994,4246,12306,7,0,175,188,1
2016-12,32941,11233,10274,5,2,160,171,12
2017-01,54939,4050,16923,3,1,304,165,6
2017-02,40032,3031,12118,1,5,191,104,3
2017-03,49228,3655,16514,3,0,183,147,0
2017-04,40500,3099,11942,0,0,209,130,3
2017-05,47639,4066,14033,4,0,249,126,11
2017-06,53548,5415,25898,9,1,425,201,4
2017-07,41161,3659,11708,5,1,203,220,8
2017-08,36113,3487,10714,0,0,148,379,1
2017-09,42193,4251,12135,1,1,151,76,2
2017-10,40520,3896,12499,1,0,302,100,6
2017-11,43508,4287,12319,5,1,250,112,23
2017-12,35716,5043,6747,2,2,170,28,12
2018-01,60717,5833,18680,1,1,350,112,3
2018-02,42116,4412,12996,1,1,200,216,8
2018-03,52450,6576,15501,2,2,253,177,12
2018-04,46144,5215,12971,0,1,205,176,1
2018-05,50348,5854,13496,0,2,181,247,16
2018-06,60994,8273,25739,3,4,328,154,15
2018-07,47091,5237,11500,5,1,262,286,11
2018-08,50132,5852,11430,3,2,250,200,13
2018-09,33427,6383,10263,6,0,137,46,7
2018-10,34256,5222,12347,5,0,137,61,27
2018-11,36731,7137,12351,1,1,191,52,11
2018-12,19864,8801,6237,3,0,119,59,7
2019-01,52396,7688,16663,2,1,270,76,32
2019-02,38066,6375,11263,5,0,154,47,19
2019-03,49990,10865,13295,7,1,187,44,22
2019-04,44112,7963,11912,9,1,211,38,13
2019-05,48897,9126,12686,40,2,213,50,12
2019-06,50796,12187,24587,17,2,328,57,25
2019-07,43105,8094,9975,12,3,183,75,3
2019-08,39230,8120,9924,13,1,178,198,7
2019-09,37860,13394,8503,14,0,95,59,11
2019-10,38892,8143,9207,8,2,91,114,3
2019-11,38900,12588,9496,6,0,101,155,5
2019-12,24700,27437,6996,38,15,86,81,11
2020-01,51671,11924,12424,13,1,143,56,20
2020-02,37857,11121,9108,7,0,168,30,11
2020-03,33902,11928,9251,12,0,181,30,31
2020-04,21471,6465,5492,5,0,147,48,30
2020-05,25159,7447,5484,4,0,159,30,19
2020-06,37800,13236,16940,27,0,319,27,11
2020-07,45607,15754,8136,6,0,310,30,6
2020-08,34621,14702,7084,9,0,416,15,13
2020-09,34627,18735,7484,18,0,366,44,23
2020-10,34506,20149,7773,10,0,369,80,20
2020-11,33432,21300,7391,16,0,325,33,25
2020-12,25282,41958,4364,51,0,290,41,18
2021-01,41407,17610,10180,0,0,257,28,45
2021-02,29584,13740,8648,2,0,243,12,42
2021-03,36453,18172,10485,44,0,228,16,47
2021-04,33361,17393,9448,9,0,276,26,54
2021-05,34447,18821,8822,4,0,231,19,45
2021-06,41691,24906,9024,11,0,378,29,44
2021-07,32740,19116,6877,15,1,377,24,18
2021-08,24887,17834,5583,5,0,235,17,19
2021-09,26683,19596,6596,9,0,271,28,14
2021-10,24275,18238,7018,13,0,345,18,12
2021-11,24685,21390,7379,11,1,298,17,32
2021-12,21110,33083,6575,53,1,323,25,17
2022-01,33615,20365,7885,16,0,410,17,35
2022-02,25302,17153,6413,5,1,191,8,21
2022-03,27079,21508,7881,5,0,203,7,12
2022-04,24133,19058,6526,7,0,170,0,21
2022-05,24827,18659,6784,8,0,197,0,14
2022-06,29298,22012,7907,53,0,428,7,19
2022-07,22440,17293,5717,2,3,202,5,13
2022-08,22424,17679,5225,7,0,176,6,2
2022-09,23724,19168,6296,2,0,223,37,3
2022-10,25651,20845,5943,2,1,240,63,5
2022-11,23276,20101,7008,5,0,397,2,2
2022-12,19818,23919,5925,3,0,278,4,6
2023-01,30903,19023,8295,5,0,300,3,5
2023-02,23708,20064,7466,2,0,227,2,0
2023-03,14152,14506,4676,2,0,117,7,1
